<?xml version="1.0" encoding="UTF-8" standalone="yes"?>
<addon id="repository.TechNEWSology" name="TechNEWSology Repository" version="0.2.2" provider-name="TechNEWSology">
	<extension point="xbmc.addon.repository" name="TechNEWSology Repository">
		<info compressed="false">https://gknwizard.eu/repo/Builds/TechNEWsology/_repo/addons.xml</info>
		<checksum>https://gknwizard.eu/repo/Builds/TechNEWsology/_repo/addons.xml.md5</checksum>
		<datadir zip="true">https://gknwizard.eu/repo/Builds/TechNEWsology/_repo/</datadir>
			<dir minversion="17.9.9">
				<info compressed="false">https://gknwizard.eu/repo/Builds/TechNEWsology/_repoLeia/addons.xml</info>
				<checksum>https://gknwizard.eu/repo/Builds/TechNEWsology/_repoLeia/addons.xml.md5</checksum>
				<datadir zip="true">https://gknwizard.eu/repo/Builds/TechNEWsology/_repoLeia/</datadir>
			</dir>
			<dir minversion="18.9.9">
				<info compressed="false">https://gknwizard.eu/repo/Builds/TechNEWsology/_repoMatrix/addons.xml</info>
				<checksum>https://gknwizard.eu/repo/Builds/TechNEWsology/_repoMatrix/addons.xml.md5</checksum>
				<datadir zip="true">https://gknwizard.eu/repo/Builds/TechNEWsology/_repoMatrix/</datadir>
			</dir>
			<dir minversion="19.9.9">
				<info compressed="false">https://gknwizard.eu/repo/Builds/TechNEWsology/_repoNexus/addons.xml</info>
				<checksum>https://gknwizard.eu/repo/Builds/TechNEWsology/_repoNexus/addons.xml.md5</checksum>
				<datadir zip="true">https://gknwizard.eu/repo/Builds/TechNEWsology/_repoNexus/</datadir>
			</dir>
			<dir minversion="20.9.9">
				<info compressed="false">https://gknwizard.eu/repo/Builds/TechNEWsology/_repoOmega/addons.xml</info>
				<checksum>https://gknwizard.eu/repo/Builds/TechNEWsology/_repoOmega/addons.xml.md5</checksum>
				<datadir zip="true">https://gknwizard.eu/repo/Builds/TechNEWsology/_repoOmega/</datadir>
			</dir>
			<dir>
				<info compressed="false">https://raw.githubusercontent.com/TechNEWSologyBuilder/tech/main/addons.xml</info>
				<checksum>https://raw.githubusercontent.com/TechNEWSologyBuilder/tech/main/addons.xml.md5</checksum>
				<datadir zip="true">https://raw.githubusercontent.com/TechNEWSologyBuilder/tech/main/</datadir>
			</dir>
			<dir>
				<info compressed="false">https://raw.githubusercontent.com/TechNEWSologyBuilds/Builds/master/addons.xml</info>
				<checksum>https://raw.githubusercontent.com/TechNEWSologyBuilds/Builds/master/addons.xml.md5</checksum>
				<datadir zip="true">https://raw.githubusercontent.com/TechNEWSologyBuilds/Builds/master/</datadir>
			</dir>
			<dir>
				<info compressed="false">https://raw.githubusercontent.com/Gujal00/smrzips/master/addons.xml</info>
				<checksum>https://raw.githubusercontent.com/Gujal00/smrzips/master/addons.xml.md5</checksum>
				<datadir zip="true">https://raw.githubusercontent.com/Gujal00/smrzips/master/zips/</datadir>
			</dir>
	</extension>
	<extension point="xbmc.addon.metadata">
		<summary>TechNEWSology Repository</summary>
		<description>TechNEWSology Build Repo</description>
		<platform>all</platform>
		<assets>
			<icon>icon.png</icon>
			<fanart>fanart.jpg</fanart>
		</assets>
	</extension>
</addon>
